gender,Topic,Semester,GradeID,SectionID,raisedhands,VisITedResources,AnnouncementsView,Discussion,EngagementScore,StudentAbsenceDays,AttendanceRisk,Class,PerformanceProxy,RiskStatus
M,IT,F,G-04,A,15,16,2,20,13.2,Under-7,0,M,80,On Track
M,IT,F,G-04,A,20,20,3,25,17.0,Under-7,0,M,80,On Track
M,IT,F,G-04,A,10,7,0,30,11.8,Above-7,1,L,50,At Risk
M,IT,F,G-04,A,30,25,5,35,23.8,Above-7,1,L,50,At Risk
M,IT,F,G-04,A,40,50,12,50,38.0,Above-7,1,M,80,At Risk
F,IT,F,G-04,A,42,30,13,70,38.8,Above-7,1,M,80,At Risk
M,Math,F,G-07,A,35,12,0,17,16.0,Above-7,1,L,50,At Risk
M,Math,F,G-07,A,50,10,15,22,24.2,Under-7,0,M,80,On Track
F,Math,F,G-07,A,12,21,16,50,24.8,Under-7,0,M,80,On Track
F,IT,F,G-07,B,70,80,25,70,61.2,Under-7,0,M,80,On Track
M,Math,F,G-07,A,50,88,30,80,62.0,Under-7,0,H,95,On Track
M,Math,F,G-07,B,19,6,19,12,14.0,Under-7,0,M,80,On Track
M,IT,F,G-04,A,5,1,0,11,4.2,Above-7,1,L,50,At Risk
M,Math,F,G-08,A,20,14,12,19,16.2,Above-7,1,L,50,At Risk
F,Math,F,G-08,A,62,70,44,60,59.0,Above-7,1,H,95,On Track
F,IT,F,G-06,A,30,40,22,66,39.5,Under-7,0,M,80,On Track
M,IT,F,G-07,B,36,30,20,80,41.5,Above-7,1,M,80,At Risk
M,Math,F,G-07,A,55,13,35,90,48.2,Above-7,1,M,80,On Track
F,IT,F,G-07,A,69,15,36,96,54.0,Under-7,0,M,80,On Track
M,IT,F,G-07,B,70,50,40,99,64.8,Under-7,0,H,95,On Track
F,IT,F,G-07,A,60,60,33,90,60.8,Above-7,1,M,80,On Track
F,IT,F,G-07,B,10,12,4,80,26.5,Under-7,0,M,80,On Track
M,IT,F,G-07,A,15,21,2,90,32.0,Under-7,0,M,80,On Track
M,IT,F,G-07,A,2,0,2,50,13.5,Above-7,1,L,50,At Risk
M,IT,F,G-07,B,0,2,3,70,18.8,Above-7,1,L,50,At Risk
M,IT,F,G-07,A,8,7,30,40,21.2,Above-7,1,L,50,At Risk
M,IT,F,G-07,B,19,19,25,40,25.8,Under-7,0,M,80,On Track
M,Arabic,F,G-08,A,25,15,12,33,21.2,Above-7,1,L,50,At Risk
M,Science,F,G-08,A,75,85,52,43,63.8,Under-7,0,M,80,On Track
F,Arabic,F,G-08,A,30,90,33,35,47.0,Under-7,0,M,80,On Track
F,Arabic,F,G-08,A,35,80,50,70,58.8,Under-7,0,H,95,On Track
M,IT,F,G-07,A,4,5,40,16,16.2,Above-7,1,L,50,At Risk
F,IT,F,G-07,A,2,19,10,50,20.2,Above-7,1,L,50,At Risk
M,English,F,G-05,A,8,22,9,40,19.8,Above-7,1,L,50,At Risk
M,Science,F,G-07,B,12,11,8,40,17.8,Above-7,1,L,50,At Risk
M,English,F,G-07,A,10,12,17,30,17.2,Above-7,1,L,50,At Risk
M,Science,F,G-07,B,8,6,4,22,10.0,Above-7,1,L,50,At Risk
F,IT,F,G-07,A,45,54,26,90,53.8,Under-7,0,M,80,On Track
M,IT,F,G-06,A,0,0,0,4,1.0,Above-7,1,L,50,At Risk
F,Science,F,G-07,B,50,90,37,70,61.8,Under-7,0,M,80,On Track
F,IT,F,G-07,A,14,13,3,70,25.0,Above-7,1,L,50,At Risk
M,IT,F,G-07,A,19,20,16,50,26.2,Under-7,0,M,80,On Track
M,IT,F,G-09,A,10,12,7,33,15.5,Above-7,1,L,50,At Risk
F,IT,F,G-09,A,30,35,28,90,45.8,Under-7,0,M,80,On Track
F,IT,F,G-09,A,33,33,30,90,46.5,Under-7,0,M,80,On Track
M,Quran,F,G-07,A,20,12,15,70,29.2,Above-7,1,L,50,At Risk
M,English,F,G-05,A,7,10,1,30,12.0,Above-7,1,L,50,At Risk
F,English,F,G-12,A,70,4,39,90,50.8,Under-7,0,H,95,On Track
F,English,F,G-12,A,13,80,40,88,55.2,Under-7,0,H,95,On Track
F,English,F,G-12,A,29,39,50,77,48.8,Under-7,0,M,80,On Track
F,English,F,G-12,A,20,14,12,70,29.0,Above-7,1,L,50,At Risk
M,English,F,G-12,A,39,15,16,50,30.0,Above-7,1,L,50,At Risk
F,English,F,G-12,A,55,90,16,40,50.2,Under-7,0,M,80,On Track
F,Science,F,G-11,A,49,70,19,75,53.2,Under-7,0,H,95,On Track
M,English,F,G-12,A,12,50,8,30,25.0,Above-7,1,L,50,At Risk
M,Math,F,G-07,A,16,14,6,20,14.0,Above-7,1,L,50,At Risk
M,Math,F,G-08,B,19,5,4,1,7.2,Above-7,1,L,50,At Risk
M,Math,F,G-07,A,5,2,6,5,4.5,Above-7,1,L,50,At Risk
M,Math,F,G-07,A,28,60,19,50,39.2,Under-7,0,M,80,On Track
F,Math,F,G-07,A,27,22,22,40,27.8,Under-7,0,M,80,On Track
F,English,F,G-05,A,21,10,28,20,19.8,Above-7,1,L,50,At Risk
M,IT,F,G-10,A,50,70,32,40,48.0,Under-7,0,M,80,On Track
M,IT,F,G-10,A,80,90,70,80,80.0,Under-7,0,H,95,On Track
M,IT,F,G-10,A,17,13,16,12,14.5,Under-7,0,M,80,On Track
M,IT,F,G-10,A,0,5,7,2,3.5,Above-7,1,L,50,At Risk
M,English,F,G-12,A,13,5,18,19,13.8,Above-7,1,L,50,At Risk
F,English,F,G-12,A,25,10,19,30,21.0,Above-7,1,M,80,At Risk
F,English,F,G-12,A,65,75,23,80,60.8,Under-7,0,H,95,On Track
F,IT,F,G-12,A,70,69,35,30,51.0,Under-7,0,H,95,On Track
M,IT,F,G-07,A,39,40,11,33,30.8,Under-7,0,M,80,On Track
M,IT,F,G-07,A,22,30,10,12,18.5,Above-7,1,L,50,At Risk
M,IT,F,G-07,A,29,22,9,20,20.0,Under-7,0,M,80,On Track
M,Math,F,G-07,A,11,2,2,8,5.8,Under-7,0,L,50,On Track
F,English,F,G-07,A,19,30,26,19,23.5,Above-7,1,M,80,At Risk
M,IT,F,G-07,B,12,0,6,13,7.8,Under-7,0,L,50,On Track
M,Quran,F,G-07,A,50,90,29,60,57.2,Under-7,0,M,80,On Track
M,IT,F,G-09,A,15,70,37,44,41.5,Under-7,0,M,80,On Track
M,IT,F,G-09,A,20,80,33,33,41.5,Under-7,0,M,80,On Track
M,Quran,F,G-11,A,13,3,11,9,9.0,Above-7,1,L,50,At Risk
F,Math,F,G-07,B,80,90,49,55,68.5,Under-7,0,H,95,On Track
M,Math,F,G-07,A,8,15,10,40,18.2,Under-7,0,L,50,On Track
M,IT,F,G-02,A,8,25,1,70,26.0,Above-7,1,L,50,At Risk
M,IT,F,G-02,B,7,5,2,80,23.5,Above-7,1,L,50,At Risk
M,IT,F,G-02,B,7,4,10,50,17.8,Above-7,1,M,80,At Risk
M,IT,F,G-02,B,50,70,50,10,45.0,Above-7,1,H,95,On Track
M,IT,F,G-02,B,1,0,1,12,3.5,Above-7,1,L,50,At Risk
M,IT,F,G-02,B,70,12,40,50,43.0,Under-7,0,H,95,On Track
M,IT,F,G-02,B,19,70,3,50,35.5,Under-7,0,L,50,On Track
F,IT,F,G-02,B,3,12,4,33,13.0,Under-7,0,L,50,On Track
M,IT,F,G-02,B,5,20,1,50,19.0,Above-7,1,L,50,At Risk
M,IT,F,G-02,B,4,8,10,60,20.5,Above-7,1,L,50,At Risk
M,IT,F,G-02,B,80,90,55,19,61.0,Under-7,0,H,95,On Track
F,IT,F,G-02,B,50,70,19,15,38.5,Under-7,0,H,95,On Track
M,IT,F,G-02,B,55,89,40,40,56.0,Under-7,0,H,95,On Track
F,IT,F,G-02,B,80,44,35,10,42.2,Above-7,1,L,50,At Risk
F,IT,F,G-02,B,100,80,2,70,63.0,Under-7,0,H,95,On Track
F,IT,F,G-02,C,14,60,11,75,40.0,Under-7,0,H,95,On Track
F,IT,F,G-02,B,6,2,38,12,14.5,Under-7,0,M,80,On Track
F,IT,F,G-02,C,10,3,0,30,10.8,Under-7,0,M,80,On Track
M,IT,F,G-02,B,50,7,9,50,29.0,Above-7,1,M,80,At Risk
M,IT,F,G-02,B,50,90,40,90,67.5,Under-7,0,M,80,On Track
F,IT,F,G-02,B,70,92,50,7,54.8,Under-7,0,H,95,On Track
F,IT,F,G-02,B,2,6,2,8,4.5,Above-7,1,L,50,At Risk
M,IT,F,G-02,B,1,7,6,10,6.0,Above-7,1,L,50,At Risk
M,IT,F,G-02,B,0,12,3,3,4.5,Above-7,1,M,80,At Risk
F,IT,F,G-02,B,0,0,5,80,21.2,Above-7,1,L,50,At Risk
F,IT,F,G-02,B,12,26,7,40,21.2,Under-7,0,M,80,On Track
M,IT,F,G-02,B,70,90,41,33,58.5,Under-7,0,H,95,On Track
M,IT,F,G-02,B,7,12,5,3,6.8,Above-7,1,M,80,At Risk
M,IT,F,G-02,B,90,70,30,14,51.0,Under-7,0,M,80,On Track
F,IT,F,G-02,B,70,88,55,40,63.2,Under-7,0,H,95,On Track
M,IT,F,G-02,C,77,80,51,80,72.0,Under-7,0,M,80,On Track
M,IT,F,G-02,B,2,5,3,50,15.0,Above-7,1,L,50,At Risk
M,IT,F,G-02,B,25,27,0,69,30.2,Above-7,1,L,50,At Risk
M,IT,F,G-02,B,11,2,0,50,15.8,Above-7,1,L,50,At Risk
M,IT,F,G-02,B,0,8,11,70,22.2,Above-7,1,L,50,At Risk
F,IT,F,G-02,C,77,80,12,19,47.0,Above-7,1,M,80,On Track
F,IT,F,G-02,C,25,29,40,17,27.8,Under-7,0,H,95,On Track
F,IT,F,G-02,C,24,35,23,22,26.0,Above-7,1,M,80,At Risk
M,IT,F,G-02,C,60,60,3,60,45.8,Under-7,0,M,80,On Track
M,IT,F,G-02,C,21,12,0,50,20.8,Under-7,0,M,80,On Track
M,IT,F,G-02,C,0,4,8,30,10.5,Above-7,1,L,50,At Risk
F,IT,F,G-02,B,66,90,55,12,55.8,Above-7,1,M,80,On Track
F,IT,F,G-02,B,70,98,7,5,45.0,Under-7,0,M,80,On Track
M,IT,F,G-02,C,0,6,4,15,6.2,Under-7,0,L,50,On Track
M,IT,F,G-02,B,12,30,0,17,14.8,Above-7,1,L,50,At Risk
F,IT,F,G-02,C,2,9,7,55,18.2,Under-7,0,M,80,On Track
M,IT,F,G-02,B,55,33,6,9,25.8,Above-7,1,L,50,At Risk
M,IT,F,G-02,C,12,10,20,16,14.5,Under-7,0,L,50,On Track
M,IT,F,G-02,B,70,90,2,2,41.0,Under-7,0,L,50,On Track
F,IT,F,G-02,C,7,9,5,30,12.8,Above-7,1,L,50,At Risk
M,IT,F,G-02,C,80,42,20,50,48.0,Under-7,0,M,80,On Track
M,IT,S,G-02,C,0,3,10,3,4.0,Above-7,1,L,50,At Risk
M,IT,S,G-02,A,12,60,0,70,35.5,Above-7,1,L,50,At Risk
M,Quran,S,G-07,A,80,80,15,70,61.2,Under-7,0,H,95,On Track
F,Quran,S,G-07,A,70,80,95,70,78.8,Under-7,0,H,95,On Track
F,Quran,S,G-11,A,70,80,95,70,78.8,Under-7,0,H,95,On Track
F,Quran,F,G-11,A,60,80,50,40,57.5,Under-7,0,M,80,On Track
F,Quran,F,G-07,A,100,80,95,90,91.2,Under-7,0,H,95,On Track
M,Quran,F,G-07,A,100,85,85,70,85.0,Under-7,0,M,80,On Track
M,Quran,F,G-07,A,10,60,5,20,23.8,Above-7,1,L,50,At Risk
M,Quran,S,G-07,A,19,65,50,10,36.0,Above-7,1,L,50,At Risk
M,Quran,S,G-07,A,10,75,55,11,37.8,Under-7,0,M,80,On Track
M,Quran,S,G-07,A,80,90,55,19,61.0,Under-7,0,H,95,On Track
M,Quran,S,G-07,A,10,10,15,19,13.5,Above-7,1,L,50,At Risk
M,Quran,S,G-07,A,70,75,55,11,52.8,Under-7,0,M,80,On Track
F,Quran,S,G-07,A,100,75,50,70,73.8,Under-7,0,H,95,On Track
F,Quran,S,G-07,A,10,79,30,30,37.2,Under-7,0,M,80,On Track
F,Quran,S,G-07,A,60,55,30,40,46.2,Under-7,0,M,80,On Track
F,Quran,S,G-07,A,100,75,50,70,73.8,Under-7,0,H,95,On Track
M,Quran,S,G-11,A,80,80,51,59,67.5,Under-7,0,H,95,On Track
M,Science,S,G-11,A,23,63,71,89,61.5,Under-7,0,M,80,On Track
F,Science,S,G-11,B,100,91,98,40,82.2,Under-7,0,H,95,On Track
M,Spanish,S,G-11,B,10,51,40,40,35.2,Above-7,1,L,50,At Risk
M,English,S,G-11,B,70,50,33,41,48.5,Above-7,1,M,80,On Track
M,Math,S,G-11,B,70,58,73,91,73.0,Under-7,0,H,95,On Track
F,French,S,G-11,B,70,50,30,49,49.8,Under-7,0,M,80,On Track
M,Science,S,G-11,B,70,50,33,40,48.2,Under-7,0,M,80,On Track
M,Science,S,G-07,B,22,51,48,10,32.8,Above-7,1,L,50,At Risk
F,Science,S,G-07,B,62,68,48,80,64.5,Under-7,0,M,80,On Track
F,Science,S,G-07,B,82,89,58,50,69.8,Under-7,0,H,95,On Track
M,Science,S,G-07,B,72,80,58,66,69.0,Under-7,0,M,80,On Track
F,French,S,G-02,B,70,82,3,73,57.0,Under-7,0,H,95,On Track
F,French,S,G-02,B,60,82,93,43,69.5,Above-7,1,M,80,On Track
M,French,S,G-02,B,55,72,83,14,56.0,Above-7,1,M,80,On Track
F,French,S,G-02,B,72,65,73,66,69.0,Under-7,0,H,95,On Track
M,French,S,G-02,B,51,82,53,43,57.2,Under-7,0,M,80,On Track
M,French,S,G-02,B,80,92,83,43,74.5,Under-7,0,H,95,On Track
M,French,S,G-02,B,60,52,23,33,42.0,Under-7,0,H,95,On Track
M,French,S,G-02,B,30,12,29,23,23.5,Under-7,0,M,80,On Track
M,French,S,G-02,B,40,62,83,33,54.5,Under-7,0,H,95,On Track
M,French,S,G-02,B,60,52,23,33,42.0,Under-7,0,M,80,On Track
M,French,S,G-02,B,20,22,53,13,27.0,Above-7,1,L,50,At Risk
M,French,S,G-02,B,20,52,23,33,32.0,Above-7,1,L,50,At Risk
F,French,S,G-02,B,50,62,73,43,57.0,Above-7,1,M,80,On Track
M,French,S,G-02,B,10,2,13,53,19.5,Above-7,1,L,50,At Risk
M,French,S,G-02,B,60,52,23,33,42.0,Under-7,0,H,95,On Track
F,French,S,G-02,B,15,52,83,11,40.2,Under-7,0,M,80,On Track
F,French,S,G-02,B,80,42,33,13,42.0,Under-7,0,H,95,On Track
M,French,S,G-02,B,40,51,20,33,36.0,Under-7,0,M,80,On Track
F,French,S,G-02,B,60,70,63,93,71.5,Under-7,0,H,95,On Track
M,French,S,G-02,B,50,62,13,33,39.5,Above-7,1,L,50,At Risk
M,Arabic,S,G-08,A,85,75,62,53,68.8,Under-7,0,H,95,On Track
F,Arabic,S,G-08,A,25,15,32,53,31.2,Under-7,0,M,80,On Track
M,Arabic,S,G-08,A,10,35,30,13,22.0,Above-7,1,L,50,At Risk
M,Arabic,S,G-08,A,87,65,82,33,66.8,Under-7,0,H,95,On Track
M,Arabic,S,G-08,A,85,15,22,53,43.8,Under-7,0,M,80,On Track
F,Arabic,S,G-08,A,80,71,52,51,63.5,Under-7,0,M,80,On Track
M,Arabic,S,G-08,A,75,71,72,53,67.8,Under-7,0,H,95,On Track
F,Arabic,S,G-08,A,85,66,12,23,46.5,Under-7,0,M,80,On Track
M,Arabic,S,G-08,A,23,25,32,53,33.2,Under-7,0,L,50,On Track
M,Arabic,S,G-08,A,15,25,37,13,22.5,Above-7,1,L,50,At Risk
M,Arabic,S,G-08,A,95,91,62,53,75.2,Under-7,0,M,80,On Track
M,Arabic,S,G-08,A,81,75,62,53,67.8,Under-7,0,M,80,On Track
M,Arabic,S,G-08,A,53,75,72,23,55.8,Under-7,0,M,80,On Track
M,Arabic,S,G-08,A,15,43,42,33,33.2,Under-7,0,M,80,On Track
M,Arabic,S,G-08,A,92,65,62,53,68.0,Under-7,0,H,95,On Track
M,Arabic,S,G-08,A,83,75,62,53,68.2,Under-7,0,H,95,On Track
M,Arabic,S,G-08,B,27,15,42,53,34.2,Above-7,1,L,50,At Risk
M,Arabic,S,G-08,B,45,95,12,13,41.2,Under-7,0,M,80,On Track
M,Arabic,S,G-08,B,15,90,52,83,60.0,Under-7,0,H,95,On Track
F,Arabic,S,G-08,A,45,58,52,43,49.5,Under-7,0,H,95,On Track
M,Arabic,S,G-08,B,25,5,12,33,18.8,Under-7,0,M,80,On Track
F,Arabic,S,G-08,B,22,51,42,40,38.8,Under-7,0,M,80,On Track
M,Arabic,S,G-08,B,29,10,12,24,18.8,Above-7,1,L,50,At Risk
F,Arabic,S,G-08,B,72,51,42,24,47.2,Above-7,1,H,95,On Track
M,Arabic,S,G-08,B,67,31,42,14,38.5,Under-7,0,M,80,On Track
M,Spanish,S,G-08,C,17,21,42,14,23.5,Under-7,0,M,80,On Track
M,Spanish,S,G-08,C,27,41,49,14,32.8,Under-7,0,M,80,On Track
M,Spanish,S,G-08,C,70,81,39,84,68.5,Under-7,0,M,80,On Track
M,Spanish,S,G-08,C,27,90,82,14,53.2,Under-7,0,H,95,On Track
M,Spanish,S,G-08,C,17,61,42,14,33.5,Under-7,0,M,80,On Track
M,Spanish,S,G-08,C,87,81,42,19,57.2,Under-7,0,H,95,On Track
M,Spanish,S,G-08,C,7,61,22,14,26.0,Above-7,1,L,50,At Risk
M,Spanish,S,G-08,C,17,50,2,4,18.2,Above-7,1,L,50,At Risk
M,Spanish,S,G-08,C,5,21,42,14,20.5,Above-7,1,L,50,At Risk
M,Spanish,S,G-08,C,27,41,32,61,40.2,Above-7,1,M,80,At Risk
F,Spanish,S,G-08,C,87,88,40,10,56.2,Under-7,0,M,80,On Track
M,Spanish,S,G-08,C,96,61,42,94,73.2,Under-7,0,H,95,On Track
M,Spanish,S,G-08,C,57,51,46,34,47.0,Under-7,0,M,80,On Track
M,Spanish,S,G-08,C,77,69,41,13,50.0,Under-7,0,M,80,On Track
M,Spanish,S,G-08,C,80,51,40,24,48.8,Under-7,0,M,80,On Track
M,Spanish,S,G-08,B,62,61,82,40,61.2,Under-7,0,M,80,On Track
M,Spanish,S,G-08,A,72,83,12,90,64.2,Under-7,0,H,95,On Track
M,Spanish,S,G-08,B,87,81,22,70,65.0,Under-7,0,H,95,On Track
M,Spanish,S,G-08,A,72,90,12,30,51.0,Under-7,0,M,80,On Track
M,Spanish,S,G-08,B,2,11,62,30,26.2,Under-7,0,L,50,On Track
M,Spanish,S,G-08,A,5,3,2,10,5.0,Under-7,0,L,50,On Track
M,Math,S,G-11,B,73,84,77,81,78.8,Above-7,1,H,95,On Track
M,Spanish,S,G-08,A,5,17,21,10,13.2,Above-7,1,L,50,At Risk
M,Spanish,S,G-08,A,51,42,12,29,33.5,Above-7,1,M,80,At Risk
M,Spanish,S,G-08,A,9,7,21,20,14.2,Above-7,1,L,50,At Risk
M,Quran,F,G-07,A,19,72,15,50,39.0,Above-7,1,M,80,At Risk
F,Science,S,G-07,B,32,80,58,46,54.0,Above-7,1,M,80,On Track
M,Science,S,G-07,B,32,60,58,66,54.0,Above-7,1,M,80,On Track
M,Science,S,G-07,B,12,8,18,26,16.0,Above-7,1,L,50,At Risk
M,Science,S,G-07,B,52,10,13,6,20.2,Above-7,1,L,50,At Risk
M,Science,S,G-07,B,72,80,58,66,69.0,Above-7,1,M,80,On Track
F,Science,S,G-07,B,72,80,58,66,69.0,Above-7,1,M,80,On Track
M,Science,S,G-07,B,92,80,88,76,84.0,Under-7,0,H,95,On Track
M,Science,S,G-07,B,72,80,98,96,86.5,Under-7,0,H,95,On Track
M,Science,S,G-07,B,72,80,58,86,74.0,Under-7,0,M,80,On Track
M,Science,S,G-07,B,22,20,18,6,16.5,Above-7,1,L,50,At Risk
M,Science,S,G-07,B,12,20,38,46,29.0,Above-7,1,M,80,At Risk
M,IT,S,G-07,B,70,92,83,85,82.5,Under-7,0,H,95,On Track
F,IT,S,G-06,A,50,40,52,66,52.0,Under-7,0,M,80,On Track
F,Science,S,G-06,A,80,94,62,77,78.2,Under-7,0,H,95,On Track
F,Math,S,G-06,A,87,48,82,96,78.2,Above-7,1,M,80,On Track
F,Quran,S,G-06,A,70,40,2,16,32.0,Above-7,1,L,50,At Risk
M,IT,S,G-04,A,65,86,62,40,63.2,Above-7,1,M,80,On Track
M,Math,S,G-04,A,15,6,32,40,23.2,Under-7,0,H,95,On Track
M,English,S,G-04,A,19,74,32,17,35.5,Above-7,1,L,50,At Risk
F,Science,S,G-04,A,69,76,82,94,80.2,Under-7,0,M,80,On Track
M,Arabic,S,G-04,A,39,26,12,44,30.2,Above-7,1,L,50,At Risk
M,English,S,G-04,A,59,97,42,70,67.0,Under-7,0,H,95,On Track
M,History,S,G-04,A,10,17,12,40,19.8,Under-7,0,H,95,On Track
F,History,S,G-04,A,80,87,72,60,74.8,Under-7,0,H,95,On Track
F,History,S,G-04,A,70,99,66,65,75.0,Under-7,0,M,80,On Track
F,History,S,G-04,A,80,97,86,95,89.5,Under-7,0,M,80,On Track
M,English,S,G-04,A,69,34,12,17,33.0,Above-7,1,L,50,At Risk
M,History,S,G-04,A,10,17,12,14,13.2,Above-7,1,L,50,At Risk
M,History,S,G-04,A,61,97,82,64,76.0,Above-7,1,M,80,On Track
F,History,S,G-04,A,21,27,52,34,33.5,Above-7,1,M,80,At Risk
M,Math,S,G-04,A,49,94,42,7,48.0,Above-7,1,M,80,On Track
F,English,F,G-06,A,70,64,42,32,52.0,Under-7,0,M,80,On Track
F,English,S,G-06,A,79,84,82,37,70.5,Under-7,0,H,95,On Track
M,English,F,G-06,A,19,80,12,17,32.0,Above-7,1,M,80,At Risk
M,English,S,G-06,A,11,70,32,29,35.5,Above-7,1,M,80,At Risk
M,English,F,G-06,A,10,8,10,10,9.5,Above-7,1,M,80,At Risk
M,English,S,G-06,A,18,28,40,20,26.5,Above-7,1,M,80,At Risk
F,English,F,G-06,A,90,84,52,30,64.0,Under-7,0,H,95,On Track
F,English,S,G-06,A,92,81,32,36,60.2,Under-7,0,M,80,On Track
M,English,F,G-06,A,42,21,2,16,20.2,Under-7,0,M,80,On Track
M,English,S,G-06,A,22,20,6,26,18.5,Under-7,0,H,95,On Track
F,English,F,G-06,A,95,82,82,70,82.2,Under-7,0,H,95,On Track
F,English,S,G-06,A,90,62,80,60,73.0,Under-7,0,H,95,On Track
M,English,F,G-06,A,72,21,22,26,35.2,Under-7,0,H,95,On Track
M,English,S,G-06,A,92,31,42,27,48.0,Under-7,0,H,95,On Track
M,English,F,G-06,A,82,31,52,25,47.5,Under-7,0,M,80,On Track
M,English,S,G-06,A,72,41,46,27,46.5,Under-7,0,M,80,On Track
M,English,F,G-06,A,74,71,56,37,59.5,Under-7,0,H,95,On Track
M,English,S,G-06,A,74,60,56,37,56.8,Under-7,0,H,95,On Track
F,English,F,G-06,A,95,94,72,80,85.2,Under-7,0,H,95,On Track
F,English,S,G-06,A,97,87,82,86,88.0,Under-7,0,H,95,On Track
M,English,F,G-06,A,40,38,32,36,36.5,Above-7,1,M,80,At Risk
M,English,S,G-06,A,41,39,35,39,38.5,Above-7,1,M,80,At Risk
F,English,F,G-06,A,51,79,85,89,76.0,Under-7,0,H,95,On Track
F,English,S,G-06,A,81,79,91,85,84.0,Under-7,0,H,95,On Track
M,English,F,G-06,A,71,70,65,69,68.8,Under-7,0,M,80,On Track
M,English,S,G-06,A,75,71,76,80,75.5,Under-7,0,M,80,On Track
F,Science,F,G-04,A,49,36,32,44,40.2,Above-7,1,L,50,At Risk
F,Science,S,G-04,A,42,24,12,24,25.5,Above-7,1,L,50,At Risk
F,Science,F,G-04,A,90,86,82,74,83.0,Under-7,0,H,95,On Track
F,Science,S,G-04,A,62,64,72,84,70.5,Under-7,0,H,95,On Track
M,Science,F,G-04,A,90,86,82,74,83.0,Above-7,1,M,80,On Track
M,Science,S,G-04,A,62,64,72,84,70.5,Above-7,1,M,80,On Track
F,Science,F,G-04,A,98,87,86,84,88.8,Under-7,0,H,95,On Track
F,Science,S,G-04,A,72,74,82,89,79.2,Under-7,0,H,95,On Track
M,Science,F,G-04,A,18,17,26,34,23.8,Above-7,1,M,80,At Risk
M,Science,S,G-04,A,32,14,32,29,26.8,Above-7,1,M,80,At Risk
M,Science,F,G-04,A,10,12,20,13,13.8,Above-7,1,L,50,At Risk
M,Science,S,G-04,A,22,34,15,9,20.0,Above-7,1,L,50,At Risk
F,Science,F,G-04,B,11,20,21,23,18.8,Under-7,0,M,80,On Track
F,Science,S,G-04,B,12,44,25,39,30.0,Under-7,0,M,80,On Track
F,Science,F,G-04,B,15,50,24,43,33.0,Under-7,0,M,80,On Track
F,Science,S,G-04,B,32,44,29,89,48.5,Under-7,0,M,80,On Track
M,Science,F,G-04,B,65,59,74,83,70.2,Under-7,0,H,95,On Track
M,Science,S,G-04,B,72,64,59,89,71.0,Under-7,0,H,95,On Track
M,Science,F,G-04,B,95,57,74,89,78.8,Above-7,1,M,80,On Track
M,Science,S,G-04,B,82,84,79,79,81.0,Above-7,1,M,80,On Track
M,Science,F,G-04,B,25,29,34,33,30.2,Above-7,1,M,80,At Risk
M,Science,S,G-04,B,42,34,29,39,36.0,Above-7,1,M,80,At Risk
F,Science,F,G-04,B,55,79,44,43,55.2,Under-7,0,H,95,On Track
F,Science,S,G-04,B,62,64,69,49,61.0,Under-7,0,H,95,On Track
F,Science,F,G-04,B,78,88,74,83,80.8,Under-7,0,H,95,On Track
F,Science,S,G-04,B,72,84,89,89,83.5,Under-7,0,H,95,On Track
M,French,F,G-02,A,60,92,83,23,64.5,Under-7,0,H,95,On Track
M,French,S,G-02,A,50,90,83,13,59.0,Under-7,0,H,95,On Track
F,French,F,G-02,A,60,97,13,3,43.2,Under-7,0,H,95,On Track
F,French,S,G-02,A,50,95,23,10,44.5,Under-7,0,H,95,On Track
F,French,F,G-02,A,60,87,23,11,45.2,Above-7,1,M,80,At Risk
F,French,S,G-02,A,50,80,20,15,41.2,Above-7,1,M,80,At Risk
M,French,F,G-02,A,10,15,10,21,14.0,Above-7,1,L,50,At Risk
M,French,S,G-02,A,30,10,20,5,16.2,Above-7,1,L,50,At Risk
M,French,F,G-02,A,24,35,18,31,27.0,Under-7,0,M,80,On Track
M,French,S,G-02,A,27,20,33,35,28.8,Under-7,0,M,80,On Track
M,French,F,G-02,A,10,15,10,21,14.0,Above-7,1,L,50,At Risk
M,French,S,G-02,A,30,10,20,5,16.2,Above-7,1,L,50,At Risk
F,French,F,G-02,A,80,77,63,83,75.8,Under-7,0,M,80,On Track
F,French,S,G-02,A,75,85,73,80,78.2,Under-7,0,M,80,On Track
M,French,F,G-02,A,40,7,50,41,34.5,Above-7,1,L,50,At Risk
M,French,S,G-02,A,35,2,29,33,24.8,Above-7,1,L,50,At Risk
F,French,F,G-02,A,10,90,30,21,37.8,Under-7,0,M,80,On Track
F,French,S,G-02,A,25,80,29,23,39.2,Under-7,0,M,80,On Track
M,French,F,G-02,A,10,8,9,3,7.5,Above-7,1,L,50,At Risk
M,French,S,G-02,A,15,7,12,7,10.2,Above-7,1,L,50,At Risk
F,French,F,G-02,A,70,90,20,21,50.2,Under-7,0,M,80,On Track
F,French,S,G-02,A,75,80,15,20,47.5,Under-7,0,M,80,On Track
F,French,F,G-02,B,78,98,10,11,49.2,Under-7,0,M,80,On Track
F,French,S,G-02,B,79,89,11,14,48.2,Under-7,0,M,80,On Track
F,French,F,G-02,B,16,90,15,11,33.0,Under-7,0,M,80,On Track
F,French,S,G-02,B,17,80,13,10,30.0,Under-7,0,M,80,On Track
M,French,F,G-02,B,40,87,50,41,54.5,Under-7,0,M,80,On Track
M,French,S,G-02,B,35,92,29,33,47.2,Under-7,0,M,80,On Track
F,French,F,G-02,B,14,97,15,14,35.0,Under-7,0,H,95,On Track
F,French,F,G-02,B,13,82,20,30,36.2,Under-7,0,H,95,On Track
F,French,S,G-02,B,24,97,15,14,37.5,Under-7,0,H,95,On Track
F,French,S,G-02,B,23,82,20,30,38.8,Under-7,0,H,95,On Track
M,French,F,G-02,B,20,3,9,3,8.8,Above-7,1,L,50,At Risk
M,French,S,G-02,B,15,4,12,7,9.5,Above-7,1,L,50,At Risk
M,French,F,G-02,B,5,13,6,6,7.5,Above-7,1,L,50,At Risk
M,French,S,G-02,B,7,9,11,10,9.2,Above-7,1,L,50,At Risk
F,French,F,G-02,B,10,94,40,11,38.8,Under-7,0,M,80,On Track
F,French,S,G-02,B,25,89,21,13,37.0,Under-7,0,M,80,On Track
M,French,F,G-02,B,30,98,42,21,47.8,Under-7,0,H,95,On Track
M,French,S,G-02,B,35,97,41,23,49.0,Under-7,0,H,95,On Track
M,French,F,G-02,B,32,88,32,25,44.2,Under-7,0,M,80,On Track
M,French,S,G-02,B,25,87,21,27,40.0,Under-7,0,M,80,On Track
F,French,F,G-02,B,72,98,52,15,59.2,Under-7,0,H,95,On Track
F,French,S,G-02,B,75,90,51,17,58.2,Under-7,0,H,95,On Track
M,Arabic,F,G-02,A,20,88,31,28,41.8,Above-7,1,M,80,At Risk
M,Arabic,S,G-02,A,10,98,41,38,46.8,Above-7,1,M,80,On Track
M,Arabic,F,G-02,A,90,98,41,38,66.8,Under-7,0,H,95,On Track
M,Arabic,S,G-02,A,80,88,51,39,64.5,Under-7,0,H,95,On Track
M,Arabic,F,G-02,A,80,95,21,28,56.0,Under-7,0,H,95,On Track
M,Arabic,S,G-02,A,78,70,31,29,52.0,Under-7,0,H,95,On Track
M,Arabic,F,G-02,A,10,18,71,38,34.2,Above-7,1,M,80,At Risk
M,Arabic,S,G-02,A,10,58,51,48,41.8,Above-7,1,M,80,At Risk
F,Arabic,F,G-02,A,98,88,60,31,69.2,Under-7,0,H,95,On Track
F,Arabic,S,G-02,A,75,81,51,34,60.2,Under-7,0,H,95,On Track
M,Arabic,F,G-02,A,10,17,50,21,24.5,Under-7,0,M,80,On Track
M,Arabic,S,G-02,A,35,2,29,23,22.2,Under-7,0,M,80,On Track
F,Arabic,F,G-02,A,10,20,22,97,37.2,Above-7,1,L,50,At Risk
F,Arabic,S,G-02,A,5,9,19,98,32.8,Above-7,1,L,50,At Risk
M,Arabic,F,G-02,B,10,10,40,51,27.8,Above-7,1,L,50,At Risk
M,Arabic,S,G-02,B,35,2,29,23,22.2,Above-7,1,L,50,At Risk
M,Arabic,F,G-02,B,20,90,50,61,55.2,Above-7,1,M,80,On Track
M,Arabic,S,G-02,B,32,82,59,63,59.0,Above-7,1,M,80,On Track
M,Arabic,F,G-02,B,10,30,50,91,45.2,Above-7,1,L,50,At Risk
M,Arabic,S,G-02,B,12,22,59,83,44.0,Above-7,1,L,50,At Risk
F,Arabic,F,G-02,B,11,20,20,98,37.2,Above-7,1,L,50,At Risk
F,Arabic,S,G-02,B,10,12,29,93,36.0,Above-7,1,L,50,At Risk
M,Arabic,F,G-02,B,69,82,20,28,49.8,Under-7,0,H,95,On Track
M,Arabic,S,G-02,B,70,83,29,33,53.8,Under-7,0,H,95,On Track
F,Arabic,F,G-02,B,89,92,40,28,62.2,Under-7,0,H,95,On Track
F,Arabic,S,G-02,B,79,93,49,23,61.0,Under-7,0,H,95,On Track
M,Arabic,F,G-02,B,15,90,21,97,55.8,Under-7,0,M,80,On Track
M,Arabic,S,G-02,B,20,77,31,88,54.0,Under-7,0,M,80,On Track
M,Arabic,F,G-02,B,4,10,11,7,8.0,Above-7,1,L,50,At Risk
M,Arabic,S,G-02,B,5,0,1,8,3.5,Above-7,1,L,50,At Risk
F,Biology,F,G-07,A,88,81,50,10,57.2,Above-7,1,M,80,On Track
F,Biology,S,G-07,A,90,88,54,12,61.0,Above-7,1,M,80,On Track
F,Biology,F,G-07,A,86,98,50,20,63.5,Under-7,0,H,95,On Track
F,Biology,S,G-07,A,90,90,57,22,64.8,Under-7,0,H,95,On Track
M,Biology,F,G-07,A,78,91,50,40,64.8,Under-7,0,H,95,On Track
M,Biology,S,G-07,A,70,98,54,72,73.5,Under-7,0,H,95,On Track
M,Biology,F,G-07,A,80,80,46,61,66.8,Under-7,0,M,80,On Track
M,Biology,S,G-07,A,85,82,59,63,72.2,Under-7,0,M,80,On Track
M,Biology,F,G-07,A,88,90,86,81,86.2,Under-7,0,H,95,On Track
M,Biology,S,G-07,A,89,92,89,83,88.2,Under-7,0,H,95,On Track
M,Biology,F,G-07,A,39,71,40,26,44.0,Above-7,1,M,80,At Risk
M,Biology,S,G-07,A,35,80,34,22,42.8,Above-7,1,M,80,At Risk
M,Biology,F,G-07,A,76,81,80,86,80.8,Under-7,0,H,95,On Track
M,Biology,S,G-07,A,65,89,64,82,75.0,Under-7,0,H,95,On Track
F,Biology,F,G-07,A,96,95,70,70,82.8,Under-7,0,H,95,On Track
F,Biology,S,G-07,A,80,91,87,72,82.5,Under-7,0,H,95,On Track
M,Biology,F,G-07,A,2,9,10,1,5.5,Above-7,1,L,50,At Risk
M,Biology,S,G-07,A,3,8,19,3,8.2,Above-7,1,L,50,At Risk
M,Biology,F,G-07,B,50,79,10,31,42.5,Under-7,0,M,80,On Track
M,Biology,S,G-07,B,53,88,9,33,45.8,Under-7,0,M,80,On Track
F,Biology,F,G-07,B,70,89,12,21,48.0,Under-7,0,H,95,On Track
F,Biology,S,G-07,B,59,90,19,43,52.8,Under-7,0,H,95,On Track
M,Biology,F,G-07,B,78,80,66,51,68.8,Under-7,0,M,80,On Track
M,Biology,S,G-07,B,79,72,79,83,78.2,Under-7,0,M,80,On Track
F,Biology,F,G-07,B,10,9,2,1,5.5,Above-7,1,L,50,At Risk
F,Biology,S,G-07,B,9,7,9,3,7.0,Above-7,1,L,50,At Risk
M,Biology,F,G-07,B,98,90,86,71,86.2,Under-7,0,H,95,On Track
M,Biology,S,G-07,B,89,92,89,83,88.2,Under-7,0,H,95,On Track
M,Biology,F,G-07,B,88,90,76,81,83.8,Under-7,0,H,95,On Track
M,Biology,S,G-07,B,99,96,89,84,92.0,Under-7,0,H,95,On Track
F,Chemistry,F,G-08,A,82,89,22,31,56.0,Under-7,0,H,95,On Track
F,Chemistry,S,G-08,A,84,92,29,43,62.0,Under-7,0,H,95,On Track
F,Geology,F,G-08,A,70,69,46,45,57.5,Above-7,1,M,80,On Track
F,Geology,S,G-08,A,74,62,49,43,57.0,Above-7,1,M,80,On Track
F,Geology,F,G-08,A,90,79,76,79,81.0,Under-7,0,H,95,On Track
F,Geology,S,G-08,A,84,77,79,68,77.0,Under-7,0,H,95,On Track
M,Chemistry,F,G-08,A,80,80,62,11,58.2,Above-7,1,M,80,On Track
M,Chemistry,S,G-08,A,81,82,69,13,61.2,Above-7,1,M,80,On Track
M,Chemistry,F,G-08,A,10,0,2,41,13.2,Above-7,1,L,50,At Risk
M,Chemistry,S,G-08,A,11,2,9,49,17.8,Above-7,1,L,50,At Risk
M,Geology,F,G-08,A,85,89,22,61,64.2,Under-7,0,H,95,On Track
M,Geology,S,G-08,A,80,89,23,68,65.0,Under-7,0,H,95,On Track
M,Geology,F,G-08,A,95,87,62,81,81.2,Under-7,0,M,80,On Track
M,Geology,S,G-08,A,87,79,73,98,84.2,Under-7,0,M,80,On Track
M,Chemistry,F,G-08,A,85,87,72,10,63.5,Above-7,1,M,80,On Track
M,Chemistry,S,G-08,A,79,88,79,20,66.5,Above-7,1,M,80,On Track
M,Geology,F,G-08,A,80,81,71,30,65.5,Under-7,0,M,80,On Track
M,Geology,S,G-08,A,70,83,70,23,61.5,Under-7,0,M,80,On Track
M,Chemistry,F,G-08,A,80,82,76,19,64.2,Under-7,0,M,80,On Track
M,Chemistry,S,G-08,A,70,82,75,29,64.0,Under-7,0,M,80,On Track
M,Geology,F,G-08,A,89,87,86,15,69.2,Under-7,0,M,80,On Track
M,Geology,S,G-08,A,90,86,85,10,67.8,Under-7,0,M,80,On Track
M,History,F,G-08,A,69,77,76,75,74.2,Above-7,1,M,80,On Track
M,History,S,G-08,A,70,76,65,70,70.2,Above-7,1,M,80,On Track
M,Chemistry,F,G-08,A,75,72,64,39,62.5,Above-7,1,L,50,On Track
M,Chemistry,S,G-08,A,72,76,66,40,63.5,Above-7,1,L,50,On Track
M,Geology,F,G-08,A,77,82,74,79,78.0,Under-7,0,M,80,On Track
M,Geology,S,G-08,A,71,84,67,80,75.5,Under-7,0,M,80,On Track
M,History,F,G-08,A,87,92,74,89,85.5,Under-7,0,H,95,On Track
M,History,S,G-08,A,81,84,77,85,81.8,Under-7,0,H,95,On Track
F,Chemistry,F,G-08,A,15,97,22,10,36.0,Under-7,0,H,95,On Track
F,Chemistry,S,G-08,A,19,98,20,2,34.8,Under-7,0,H,95,On Track
F,Geology,F,G-08,A,25,82,52,20,44.8,Above-7,1,M,80,At Risk
F,Geology,S,G-08,A,29,78,40,12,39.8,Above-7,1,M,80,At Risk
F,History,F,G-08,A,45,87,57,80,67.2,Under-7,0,M,80,On Track
F,History,S,G-08,A,39,88,43,72,60.5,Under-7,0,M,80,On Track
F,Chemistry,F,G-08,A,85,90,52,30,64.2,Under-7,0,H,95,On Track
F,Chemistry,S,G-08,A,79,91,49,22,60.2,Under-7,0,H,95,On Track
M,Chemistry,F,G-08,A,90,91,80,81,85.5,Under-7,0,H,95,On Track
M,Chemistry,S,G-08,A,80,90,80,83,83.2,Under-7,0,H,95,On Track
M,Geology,F,G-08,A,80,83,82,71,79.0,Above-7,1,M,80,On Track
M,Geology,S,G-08,A,71,81,83,72,76.8,Above-7,1,M,80,On Track
M,History,F,G-08,A,72,87,72,89,80.0,Above-7,1,M,80,On Track
M,History,S,G-08,A,69,77,83,92,80.2,Above-7,1,M,80,On Track
F,Chemistry,F,G-08,A,85,99,42,90,79.0,Under-7,0,H,95,On Track
F,Chemistry,S,G-08,A,89,96,45,92,80.5,Under-7,0,H,95,On Track
F,Geology,F,G-08,A,80,82,64,58,71.0,Under-7,0,H,95,On Track
F,Geology,S,G-08,A,87,93,63,60,75.8,Under-7,0,H,95,On Track
F,Chemistry,F,G-08,A,15,9,14,80,29.5,Above-7,1,L,50,At Risk
F,Chemistry,S,G-08,A,9,6,15,85,28.8,Above-7,1,L,50,At Risk
M,History,F,G-08,A,81,86,86,41,73.5,Under-7,0,M,80,On Track
M,History,S,G-08,A,78,82,78,53,72.8,Under-7,0,M,80,On Track
M,Geology,F,G-08,A,80,87,74,68,77.2,Under-7,0,M,80,On Track
M,Geology,S,G-08,A,85,88,79,70,80.5,Under-7,0,M,80,On Track
F,Chemistry,F,G-08,A,2,7,4,8,5.2,Above-7,1,L,50,At Risk
F,Chemistry,S,G-08,A,5,4,5,8,5.5,Above-7,1,L,50,At Risk
F,Geology,F,G-08,A,50,77,14,28,42.2,Under-7,0,M,80,On Track
F,Geology,S,G-08,A,55,74,25,29,45.8,Under-7,0,M,80,On Track
F,History,F,G-08,A,30,17,14,57,29.5,Above-7,1,L,50,At Risk
F,History,S,G-08,A,35,14,23,62,33.5,Above-7,1,L,50,At Risk
